sheetFamilyIndex,baseImageId,state0,state1,state2,width,height,bitmapCategory,evidenceType,source,buildingId,category,slot,screenRect
0,1491,1491,1492,1493,54,53,China_Interface_New_Bbuttons.BMP,confirmed,INDEX.csv / China_Interface_New_Bbuttons,,,,
1,1494,1494,1495,1496,54,53,China_Interface_New_Bbuttons.BMP,confirmed,INDEX.csv / China_Interface_New_Bbuttons,,,,
2,1497,1497,1498,1499,54,53,China_Interface_New_Bbuttons.BMP,confirmed,INDEX.csv / China_Interface_New_Bbuttons,,,,
3,1500,1500,1501,1502,54,53,China_Interface_New_Bbuttons.BMP,confirmed,INDEX.csv / China_Interface_New_Bbuttons,,,,
4,1503,1503,1504,1505,54,53,China_Interface_New_Bbuttons.BMP,confirmed,INDEX.csv / China_Interface_New_Bbuttons,,,,
5,1506,1506,1507,1508,54,53,China_Interface_New_Bbuttons.BMP,confirmed,INDEX.csv / China_Interface_New_Bbuttons,,,,
6,1509,1509,1510,1511,54,53,China_Interface_New_Bbuttons.BMP,confirmed,INDEX.csv / China_Interface_New_Bbuttons,,,,
7,1512,1512,1513,1514,54,53,China_Interface_New_Bbuttons.BMP,confirmed,INDEX.csv / China_Interface_New_Bbuttons,,,,
8,1515,1515,1516,1517,54,53,China_Interface_New_Bbuttons.BMP,confirmed,INDEX.csv / China_Interface_New_Bbuttons,,,,
9,1518,1518,1519,1520,54,53,China_Interface_New_Bbuttons.BMP,confirmed,INDEX.csv / China_Interface_New_Bbuttons,,,,
10,1521,1521,1522,1523,54,53,China_Interface_New_Bbuttons.BMP,confirmed,INDEX.csv / China_Interface_New_Bbuttons,,,,
11,1524,1524,1525,1526,54,53,China_Interface_New_Bbuttons.BMP,confirmed,INDEX.csv / China_Interface_New_Bbuttons,,,,
12,1527,1527,1528,1529,54,53,China_Interface_New_Bbuttons.BMP,confirmed,INDEX.csv / China_Interface_New_Bbuttons,,,,
13,1530,1530,1531,1532,54,53,China_Interface_New_Bbuttons.BMP,confirmed,INDEX.csv / China_Interface_New_Bbuttons,,,,
14,1536,1536,1537,1538,54,53,China_Interface_New_Bbuttons.BMP,confirmed,INDEX.csv / China_Interface_New_Bbuttons,,,,
15,1539,1539,1540,1541,54,53,China_Interface_New_Bbuttons.BMP,confirmed,INDEX.csv / China_Interface_New_Bbuttons,,,,
16,1542,1542,1543,1544,54,53,China_Interface_New_Bbuttons.BMP,confirmed,INDEX.csv / China_Interface_New_Bbuttons,,,,
17,1545,1545,1546,1547,54,53,China_Interface_New_Bbuttons.BMP,confirmed,INDEX.csv / China_Interface_New_Bbuttons,,,,
18,1548,1548,1549,1550,54,53,China_Interface_New_Bbuttons.BMP,confirmed,INDEX.csv / China_Interface_New_Bbuttons,,,,
19,1551,1551,1552,1553,54,53,China_Interface_New_Bbuttons.BMP,confirmed,INDEX.csv / China_Interface_New_Bbuttons,,,,
20,1554,1554,1555,1556,54,53,China_Interface_New_Bbuttons.BMP,confirmed,INDEX.csv / China_Interface_New_Bbuttons,,,,
21,1557,1557,1558,1559,54,53,China_Interface_New_Bbuttons.BMP,confirmed,INDEX.csv / China_Interface_New_Bbuttons,,,,
22,1560,1560,1561,1562,54,53,China_Interface_New_Bbuttons.BMP,confirmed,INDEX.csv / China_Interface_New_Bbuttons,,,,
23,1563,1563,1564,1565,54,53,China_Interface_New_Bbuttons.BMP,confirmed,INDEX.csv / China_Interface_New_Bbuttons,,,,
24,1566,1566,1567,1568,54,53,China_Interface_New_Bbuttons.BMP,confirmed,INDEX.csv / China_Interface_New_Bbuttons,,,,
25,1569,1569,1570,1571,54,53,China_Interface_New_Bbuttons.BMP,confirmed,INDEX.csv / China_Interface_New_Bbuttons,,,,
26,1572,1572,1573,1574,54,53,China_Interface_New_Bbuttons.BMP,confirmed,INDEX.csv / China_Interface_New_Bbuttons,,,,
27,1575,1575,1576,1577,54,53,China_Interface_New_Bbuttons.BMP,confirmed,INDEX.csv / China_Interface_New_Bbuttons,,,,
28,1578,1578,1579,1580,54,53,China_Interface_New_Bbuttons.BMP,confirmed,INDEX.csv / China_Interface_New_Bbuttons,,,,
29,1581,1581,1582,1583,54,53,China_Interface_New_Bbuttons.BMP,confirmed,INDEX.csv / China_Interface_New_Bbuttons,,,,
30,1584,1584,1585,1586,54,53,China_Interface_New_Bbuttons.BMP,confirmed,INDEX.csv / China_Interface_New_Bbuttons,,,,
31,1596,1596,1597,1598,54,53,China_Interface_New_Bbuttons.BMP,confirmed,INDEX.csv / China_Interface_New_Bbuttons,,,,
32,1599,1599,1600,1601,54,53,China_Interface_New_Bbuttons.BMP,confirmed,INDEX.csv / China_Interface_New_Bbuttons,,,,
33,1602,1602,1603,1604,54,53,China_Interface_New_Bbuttons.BMP,confirmed,INDEX.csv / China_Interface_New_Bbuttons,,,,
34,1605,1605,1606,1607,54,53,China_Interface_New_Bbuttons.BMP,confirmed,INDEX.csv / China_Interface_New_Bbuttons,,,,
35,1608,1608,1609,1610,54,53,China_Interface_New_Bbuttons.BMP,confirmed,INDEX.csv / China_Interface_New_Bbuttons,,,,
36,1611,1611,1612,1613,54,53,China_Interface_New_Bbuttons.BMP,confirmed,INDEX.csv / China_Interface_New_Bbuttons,,,,
37,1614,1614,1615,1616,54,53,China_Interface_New_Bbuttons.BMP,confirmed,INDEX.csv / China_Interface_New_Bbuttons,,,,
38,1623,1623,1624,1625,54,53,China_Interface_New_Bbuttons.BMP,confirmed,INDEX.csv / China_Interface_New_Bbuttons,,,,
39,1626,1626,1627,1628,54,53,China_Interface_New_Bbuttons.BMP,confirmed,INDEX.csv / China_Interface_New_Bbuttons,,,,
40,1629,1629,1630,1631,54,53,China_Interface_New_Bbuttons.BMP,confirmed,INDEX.csv / China_Interface_New_Bbuttons,,,,
41,1638,1638,1639,1640,54,53,China_Interface_New_Bbuttons.BMP,confirmed,INDEX.csv / China_Interface_New_Bbuttons,,,,
42,1641,1641,1642,1643,54,53,China_Interface_New_Bbuttons.BMP,confirmed,INDEX.csv / China_Interface_New_Bbuttons,,,,
43,1644,1644,1645,1646,54,53,China_Interface_New_Bbuttons.BMP,confirmed,INDEX.csv / China_Interface_New_Bbuttons,,,,
44,1653,1653,1654,1655,54,53,China_Interface_New_Bbuttons.BMP,confirmed,INDEX.csv / China_Interface_New_Bbuttons,,,,
