section,category,slot,buildingId,buildingName,nativeTool,imageId,frame,sharedFamily,screenRect,evidenceType,confidence,source,contradictions
native-inferred,住宅,0,2,住宅,house,1491,0,,"{""x"": 858, ""y"": 321, ""w"": 54, ""h"": 53, ""coordSpace"": ""classicCanvas_1024x768_unscrolled"", ""grid"": {""col"": 0, ""row"": 0, ""slot"": 0}}",inferred,medium,Sources/EmperorCore/InterfaceSpriteCatalog.swift OriginalConstructionButtonSpriteCatalog (inferredFromSheet); Sources/EmperorNative/ConstructionToolbar.swift NativeConstructionTool; Sources/EmperorNative/ContentView.swift ClassicControlPanel constructionCatalog,
native-inferred,住宅,1,11,贵族住宅,eliteHouse,1494,0,,"{""x"": 912, ""y"": 321, ""w"": 54, ""h"": 53, ""coordSpace"": ""classicCanvas_1024x768_unscrolled"", ""grid"": {""col"": 1, ""row"": 0, ""slot"": 1}}",inferred,medium,Sources/EmperorCore/InterfaceSpriteCatalog.swift OriginalConstructionButtonSpriteCatalog (inferredFromSheet); Sources/EmperorNative/ConstructionToolbar.swift NativeConstructionTool; Sources/EmperorNative/ContentView.swift ClassicControlPanel constructionCatalog,
native-inferred,农业,12,31,捕鱼码头,fishingWharf,1512,0,,"{""x"": 858, ""y"": 533, ""w"": 54, ""h"": 53, ""coordSpace"": ""classicCanvas_1024x768_unscrolled"", ""grid"": {""col"": 0, ""row"": 4, ""slot"": 12}}",inferred,medium,Sources/EmperorCore/InterfaceSpriteCatalog.swift OriginalConstructionButtonSpriteCatalog (inferredFromSheet); Sources/EmperorNative/ConstructionToolbar.swift NativeConstructionTool; Sources/EmperorNative/ContentView.swift ClassicControlPanel constructionCatalog,
native-inferred,农业,13,33,猎场,huntingCamp,1506,0,,"{""x"": 912, ""y"": 533, ""w"": 54, ""h"": 53, ""coordSpace"": ""classicCanvas_1024x768_unscrolled"", ""grid"": {""col"": 1, ""row"": 4, ""slot"": 13}}",inferred,medium,Sources/EmperorCore/InterfaceSpriteCatalog.swift OriginalConstructionButtonSpriteCatalog (inferredFromSheet); Sources/EmperorNative/ConstructionToolbar.swift NativeConstructionTool; Sources/EmperorNative/ContentView.swift ClassicControlPanel constructionCatalog,
native-inferred,工业,0,35,粘土坑,clayPit,1515,0,,"{""x"": 858, ""y"": 321, ""w"": 54, ""h"": 53, ""coordSpace"": ""classicCanvas_1024x768_unscrolled"", ""grid"": {""col"": 0, ""row"": 0, ""slot"": 0}}",inferred,medium,Sources/EmperorCore/InterfaceSpriteCatalog.swift OriginalConstructionButtonSpriteCatalog (inferredFromSheet); Sources/EmperorNative/ConstructionToolbar.swift NativeConstructionTool; Sources/EmperorNative/ContentView.swift ClassicControlPanel constructionCatalog,
native-inferred,工业,3,36,石料场,quarry,1518,0,,"{""x"": 858, ""y"": 374, ""w"": 54, ""h"": 53, ""coordSpace"": ""classicCanvas_1024x768_unscrolled"", ""grid"": {""col"": 0, ""row"": 1, ""slot"": 3}}",inferred,medium,Sources/EmperorCore/InterfaceSpriteCatalog.swift OriginalConstructionButtonSpriteCatalog (inferredFromSheet); Sources/EmperorNative/ConstructionToolbar.swift NativeConstructionTool; Sources/EmperorNative/ContentView.swift ClassicControlPanel constructionCatalog,
native-inferred,工业,1,43,窑炉,kiln,1521,0,,"{""x"": 912, ""y"": 321, ""w"": 54, ""h"": 53, ""coordSpace"": ""classicCanvas_1024x768_unscrolled"", ""grid"": {""col"": 1, ""row"": 0, ""slot"": 1}}",inferred,medium,Sources/EmperorCore/InterfaceSpriteCatalog.swift OriginalConstructionButtonSpriteCatalog (inferredFromSheet); Sources/EmperorNative/ConstructionToolbar.swift NativeConstructionTool; Sources/EmperorNative/ContentView.swift ClassicControlPanel constructionCatalog,
native-inferred,工业,5,39,青铜熔炉,bronzeWorks,1524,0,furnace_smelter,"{""x"": 966, ""y"": 374, ""w"": 54, ""h"": 53, ""coordSpace"": ""classicCanvas_1024x768_unscrolled"", ""grid"": {""col"": 2, ""row"": 1, ""slot"": 5}}",inferred,medium,Sources/EmperorCore/InterfaceSpriteCatalog.swift OriginalConstructionButtonSpriteCatalog (inferredFromSheet); Sources/EmperorNative/ConstructionToolbar.swift NativeConstructionTool; Sources/EmperorNative/ContentView.swift ClassicControlPanel constructionCatalog,
native-inferred,工业,4,40,炼铁炉,ironMine,1524,0,furnace_smelter,"{""x"": 912, ""y"": 374, ""w"": 54, ""h"": 53, ""coordSpace"": ""classicCanvas_1024x768_unscrolled"", ""grid"": {""col"": 1, ""row"": 1, ""slot"": 4}}",inferred,medium,Sources/EmperorCore/InterfaceSpriteCatalog.swift OriginalConstructionButtonSpriteCatalog (inferredFromSheet); Sources/EmperorNative/ConstructionToolbar.swift NativeConstructionTool; Sources/EmperorNative/ContentView.swift ClassicControlPanel constructionCatalog,
native-inferred,工业,2,38,伐木棚,lumberMill,1527,0,,"{""x"": 966, ""y"": 321, ""w"": 54, ""h"": 53, ""coordSpace"": ""classicCanvas_1024x768_unscrolled"", ""grid"": {""col"": 2, ""row"": 0, ""slot"": 2}}",inferred,medium,Sources/EmperorCore/InterfaceSpriteCatalog.swift OriginalConstructionButtonSpriteCatalog (inferredFromSheet); Sources/EmperorNative/ConstructionToolbar.swift NativeConstructionTool; Sources/EmperorNative/ContentView.swift ClassicControlPanel constructionCatalog,
native-inferred,商业,0,54,仓库,warehouse,1528,0,,"{""x"": 858, ""y"": 321, ""w"": 54, ""h"": 53, ""coordSpace"": ""classicCanvas_1024x768_unscrolled"", ""grid"": {""col"": 0, ""row"": 0, ""slot"": 0}}",inferred,low,Sources/EmperorCore/InterfaceSpriteCatalog.swift OriginalConstructionButtonSpriteCatalog (inferredFromSheet); Sources/EmperorNative/ConstructionToolbar.swift NativeConstructionTool; Sources/EmperorNative/ContentView.swift ClassicControlPanel constructionCatalog,alias_excluded_from_classic_grid; catalog_base_vs_index_family_start
native-inferred,商业,3,66,食物铺,foodShop,1531,0,,"{""x"": 858, ""y"": 374, ""w"": 54, ""h"": 53, ""coordSpace"": ""classicCanvas_1024x768_unscrolled"", ""grid"": {""col"": 0, ""row"": 1, ""slot"": 3}}",inferred,low,Sources/EmperorCore/InterfaceSpriteCatalog.swift OriginalConstructionButtonSpriteCatalog (inferredFromSheet); Sources/EmperorNative/ConstructionToolbar.swift NativeConstructionTool; Sources/EmperorNative/ContentView.swift ClassicControlPanel constructionCatalog,catalog_base_vs_index_family_start
native-inferred,商业,1,59,市场,market,1546,0,market_pavilion,"{""x"": 912, ""y"": 321, ""w"": 54, ""h"": 53, ""coordSpace"": ""classicCanvas_1024x768_unscrolled"", ""grid"": {""col"": 1, ""row"": 0, ""slot"": 1}}",inferred,low,Sources/EmperorCore/InterfaceSpriteCatalog.swift OriginalConstructionButtonSpriteCatalog (inferredFromSheet); Sources/EmperorNative/ConstructionToolbar.swift NativeConstructionTool; Sources/EmperorNative/ContentView.swift ClassicControlPanel constructionCatalog,catalog_base_vs_index_family_start
native-inferred,商业,2,60,大市场,grandMarket,1546,0,market_pavilion,"{""x"": 966, ""y"": 321, ""w"": 54, ""h"": 53, ""coordSpace"": ""classicCanvas_1024x768_unscrolled"", ""grid"": {""col"": 2, ""row"": 0, ""slot"": 2}}",inferred,low,Sources/EmperorCore/InterfaceSpriteCatalog.swift OriginalConstructionButtonSpriteCatalog (inferredFromSheet); Sources/EmperorNative/ConstructionToolbar.swift NativeConstructionTool; Sources/EmperorNative/ContentView.swift ClassicControlPanel constructionCatalog,catalog_base_vs_index_family_start
native-inferred,安全,0,72,水井,well,1551,0,,"{""x"": 858, ""y"": 321, ""w"": 54, ""h"": 53, ""coordSpace"": ""classicCanvas_1024x768_unscrolled"", ""grid"": {""col"": 0, ""row"": 0, ""slot"": 0}}",inferred,medium,Sources/EmperorCore/InterfaceSpriteCatalog.swift OriginalConstructionButtonSpriteCatalog (inferredFromSheet); Sources/EmperorNative/ConstructionToolbar.swift NativeConstructionTool; Sources/EmperorNative/ContentView.swift ClassicControlPanel constructionCatalog,
native-inferred,安全,1,207,药草铺,herbalist,1554,0,,"{""x"": 912, ""y"": 321, ""w"": 54, ""h"": 53, ""coordSpace"": ""classicCanvas_1024x768_unscrolled"", ""grid"": {""col"": 1, ""row"": 0, ""slot"": 1}}",inferred,medium,Sources/EmperorCore/InterfaceSpriteCatalog.swift OriginalConstructionButtonSpriteCatalog (inferredFromSheet); Sources/EmperorNative/ConstructionToolbar.swift NativeConstructionTool; Sources/EmperorNative/ContentView.swift ClassicControlPanel constructionCatalog,
native-inferred,安全,2,208,针灸所,acupuncture,1557,0,,"{""x"": 966, ""y"": 321, ""w"": 54, ""h"": 53, ""coordSpace"": ""classicCanvas_1024x768_unscrolled"", ""grid"": {""col"": 2, ""row"": 0, ""slot"": 2}}",inferred,medium,Sources/EmperorCore/InterfaceSpriteCatalog.swift OriginalConstructionButtonSpriteCatalog (inferredFromSheet); Sources/EmperorNative/ConstructionToolbar.swift NativeConstructionTool; Sources/EmperorNative/ContentView.swift ClassicControlPanel constructionCatalog,
native-inferred,,,124,inspector tower,,1560,0,,,inferred,low,Sources/EmperorCore/InterfaceSpriteCatalog.swift OriginalConstructionButtonSpriteCatalog (inferredFromSheet); Sources/EmperorNative/ConstructionToolbar.swift NativeConstructionTool; Sources/EmperorNative/ContentView.swift ClassicControlPanel constructionCatalog,catalog_building_not_in_classic_grid_filter
native-inferred,安全,4,127,瞭望塔,watchtower,1563,0,,"{""x"": 912, ""y"": 374, ""w"": 54, ""h"": 53, ""coordSpace"": ""classicCanvas_1024x768_unscrolled"", ""grid"": {""col"": 1, ""row"": 1, ""slot"": 4}}",inferred,medium,Sources/EmperorCore/InterfaceSpriteCatalog.swift OriginalConstructionButtonSpriteCatalog (inferredFromSheet); Sources/EmperorNative/ConstructionToolbar.swift NativeConstructionTool; Sources/EmperorNative/ContentView.swift ClassicControlPanel constructionCatalog,
native-inferred,行政,2,209,行政城,administrativeCity,1566,0,,"{""x"": 966, ""y"": 321, ""w"": 54, ""h"": 53, ""coordSpace"": ""classicCanvas_1024x768_unscrolled"", ""grid"": {""col"": 2, ""row"": 0, ""slot"": 2}}",inferred,medium,Sources/EmperorCore/InterfaceSpriteCatalog.swift OriginalConstructionButtonSpriteCatalog (inferredFromSheet); Sources/EmperorNative/ConstructionToolbar.swift NativeConstructionTool; Sources/EmperorNative/ContentView.swift ClassicControlPanel constructionCatalog,
native-inferred,行政,3,110,宫殿,palace,1569,0,,"{""x"": 858, ""y"": 374, ""w"": 54, ""h"": 53, ""coordSpace"": ""classicCanvas_1024x768_unscrolled"", ""grid"": {""col"": 0, ""row"": 1, ""slot"": 3}}",inferred,medium,Sources/EmperorCore/InterfaceSpriteCatalog.swift OriginalConstructionButtonSpriteCatalog (inferredFromSheet); Sources/EmperorNative/ConstructionToolbar.swift NativeConstructionTool; Sources/EmperorNative/ContentView.swift ClassicControlPanel constructionCatalog,
native-inferred,行政,1,125,税务所,taxOffice,1572,0,,"{""x"": 912, ""y"": 321, ""w"": 54, ""h"": 53, ""coordSpace"": ""classicCanvas_1024x768_unscrolled"", ""grid"": {""col"": 1, ""row"": 0, ""slot"": 1}}",inferred,medium,Sources/EmperorCore/InterfaceSpriteCatalog.swift OriginalConstructionButtonSpriteCatalog (inferredFromSheet); Sources/EmperorNative/ConstructionToolbar.swift NativeConstructionTool; Sources/EmperorNative/ContentView.swift ClassicControlPanel constructionCatalog,
native-inferred,农业,10,203,灌溉水车,irrigationPump,1575,0,,"{""x"": 912, ""y"": 480, ""w"": 54, ""h"": 53, ""coordSpace"": ""classicCanvas_1024x768_unscrolled"", ""grid"": {""col"": 1, ""row"": 3, ""slot"": 10}}",inferred,medium,Sources/EmperorCore/InterfaceSpriteCatalog.swift OriginalConstructionButtonSpriteCatalog (inferredFromSheet); Sources/EmperorNative/ConstructionToolbar.swift NativeConstructionTool; Sources/EmperorNative/ContentView.swift ClassicControlPanel constructionCatalog,
native-inferred,娱乐,0,211,音乐学校,musicSchool,1584,0,,"{""x"": 858, ""y"": 321, ""w"": 54, ""h"": 53, ""coordSpace"": ""classicCanvas_1024x768_unscrolled"", ""grid"": {""col"": 0, ""row"": 0, ""slot"": 0}}",inferred,medium,Sources/EmperorCore/InterfaceSpriteCatalog.swift OriginalConstructionButtonSpriteCatalog (inferredFromSheet); Sources/EmperorNative/ConstructionToolbar.swift NativeConstructionTool; Sources/EmperorNative/ContentView.swift ClassicControlPanel constructionCatalog,
native-inferred,娱乐,1,212,杂技学校,acrobatSchool,1587,0,,"{""x"": 912, ""y"": 321, ""w"": 54, ""h"": 53, ""coordSpace"": ""classicCanvas_1024x768_unscrolled"", ""grid"": {""col"": 1, ""row"": 0, ""slot"": 1}}",inferred,low,Sources/EmperorCore/InterfaceSpriteCatalog.swift OriginalConstructionButtonSpriteCatalog (inferredFromSheet); Sources/EmperorNative/ConstructionToolbar.swift NativeConstructionTool; Sources/EmperorNative/ContentView.swift ClassicControlPanel constructionCatalog,catalog_base_vs_index_family_start
native-inferred,娱乐,2,213,戏剧学校,dramaSchool,1590,0,,"{""x"": 966, ""y"": 321, ""w"": 54, ""h"": 53, ""coordSpace"": ""classicCanvas_1024x768_unscrolled"", ""grid"": {""col"": 2, ""row"": 0, ""slot"": 2}}",inferred,low,Sources/EmperorCore/InterfaceSpriteCatalog.swift OriginalConstructionButtonSpriteCatalog (inferredFromSheet); Sources/EmperorNative/ConstructionToolbar.swift NativeConstructionTool; Sources/EmperorNative/ContentView.swift ClassicControlPanel constructionCatalog,catalog_base_vs_index_family_start
native-inferred,宗教,0,214,祖先祠堂,ancestralShrine,1596,0,,"{""x"": 858, ""y"": 321, ""w"": 54, ""h"": 53, ""coordSpace"": ""classicCanvas_1024x768_unscrolled"", ""grid"": {""col"": 0, ""row"": 0, ""slot"": 0}}",inferred,medium,Sources/EmperorCore/InterfaceSpriteCatalog.swift OriginalConstructionButtonSpriteCatalog (inferredFromSheet); Sources/EmperorNative/ConstructionToolbar.swift NativeConstructionTool; Sources/EmperorNative/ContentView.swift ClassicControlPanel constructionCatalog,
native-inferred,宗教,2,215,道观,daoistShrine,1599,0,daoist_shrine_temple,"{""x"": 966, ""y"": 321, ""w"": 54, ""h"": 53, ""coordSpace"": ""classicCanvas_1024x768_unscrolled"", ""grid"": {""col"": 2, ""row"": 0, ""slot"": 2}}",inferred,medium,Sources/EmperorCore/InterfaceSpriteCatalog.swift OriginalConstructionButtonSpriteCatalog (inferredFromSheet); Sources/EmperorNative/ConstructionToolbar.swift NativeConstructionTool; Sources/EmperorNative/ContentView.swift ClassicControlPanel constructionCatalog,
native-inferred,宗教,3,216,道教大庙,bathhouse,1599,0,daoist_shrine_temple,"{""x"": 858, ""y"": 374, ""w"": 54, ""h"": 53, ""coordSpace"": ""classicCanvas_1024x768_unscrolled"", ""grid"": {""col"": 0, ""row"": 1, ""slot"": 3}}",inferred,medium,Sources/EmperorCore/InterfaceSpriteCatalog.swift OriginalConstructionButtonSpriteCatalog (inferredFromSheet); Sources/EmperorNative/ConstructionToolbar.swift NativeConstructionTool; Sources/EmperorNative/ContentView.swift ClassicControlPanel constructionCatalog,tool_title_vs_model_semantics
native-inferred,宗教,4,218,佛塔,magistrate,1602,0,,"{""x"": 912, ""y"": 374, ""w"": 54, ""h"": 53, ""coordSpace"": ""classicCanvas_1024x768_unscrolled"", ""grid"": {""col"": 1, ""row"": 1, ""slot"": 4}}",inferred,medium,Sources/EmperorCore/InterfaceSpriteCatalog.swift OriginalConstructionButtonSpriteCatalog (inferredFromSheet); Sources/EmperorNative/ConstructionToolbar.swift NativeConstructionTool; Sources/EmperorNative/ContentView.swift ClassicControlPanel constructionCatalog,tool_title_vs_model_semantics
native-inferred,宗教,1,219,儒家书院,confucianAcademy,1605,0,,"{""x"": 912, ""y"": 321, ""w"": 54, ""h"": 53, ""coordSpace"": ""classicCanvas_1024x768_unscrolled"", ""grid"": {""col"": 1, ""row"": 0, ""slot"": 1}}",inferred,medium,Sources/EmperorCore/InterfaceSpriteCatalog.swift OriginalConstructionButtonSpriteCatalog (inferredFromSheet); Sources/EmperorNative/ConstructionToolbar.swift NativeConstructionTool; Sources/EmperorNative/ContentView.swift ClassicControlPanel constructionCatalog,
native-inferred,军事,5,220,弩兵堡,fort,1608,0,,"{""x"": 966, ""y"": 374, ""w"": 54, ""h"": 53, ""coordSpace"": ""classicCanvas_1024x768_unscrolled"", ""grid"": {""col"": 2, ""row"": 1, ""slot"": 5}}",inferred,medium,Sources/EmperorCore/InterfaceSpriteCatalog.swift OriginalConstructionButtonSpriteCatalog (inferredFromSheet); Sources/EmperorNative/ConstructionToolbar.swift NativeConstructionTool; Sources/EmperorNative/ContentView.swift ClassicControlPanel constructionCatalog,
native-inferred,军事,1,221,步兵堡,barracks,1611,0,,"{""x"": 912, ""y"": 321, ""w"": 54, ""h"": 53, ""coordSpace"": ""classicCanvas_1024x768_unscrolled"", ""grid"": {""col"": 1, ""row"": 0, ""slot"": 1}}",inferred,medium,Sources/EmperorCore/InterfaceSpriteCatalog.swift OriginalConstructionButtonSpriteCatalog (inferredFromSheet); Sources/EmperorNative/ConstructionToolbar.swift NativeConstructionTool; Sources/EmperorNative/ContentView.swift ClassicControlPanel constructionCatalog,
native-inferred,军事,7,224,骑兵堡,cavalryFort,1614,0,,"{""x"": 912, ""y"": 427, ""w"": 54, ""h"": 53, ""coordSpace"": ""classicCanvas_1024x768_unscrolled"", ""grid"": {""col"": 1, ""row"": 2, ""slot"": 7}}",inferred,medium,Sources/EmperorCore/InterfaceSpriteCatalog.swift OriginalConstructionButtonSpriteCatalog (inferredFromSheet); Sources/EmperorNative/ConstructionToolbar.swift NativeConstructionTool; Sources/EmperorNative/ContentView.swift ClassicControlPanel constructionCatalog,
native-inferred,军事,8,225,战车堡,chariotFort,1617,0,,"{""x"": 966, ""y"": 427, ""w"": 54, ""h"": 53, ""coordSpace"": ""classicCanvas_1024x768_unscrolled"", ""grid"": {""col"": 2, ""row"": 2, ""slot"": 8}}",inferred,low,Sources/EmperorCore/InterfaceSpriteCatalog.swift OriginalConstructionButtonSpriteCatalog (inferredFromSheet); Sources/EmperorNative/ConstructionToolbar.swift NativeConstructionTool; Sources/EmperorNative/ContentView.swift ClassicControlPanel constructionCatalog,catalog_base_vs_index_family_start
native-inferred,军事,6,223,投石车堡,catapultFort,1620,0,,"{""x"": 858, ""y"": 427, ""w"": 54, ""h"": 53, ""coordSpace"": ""classicCanvas_1024x768_unscrolled"", ""grid"": {""col"": 0, ""row"": 2, ""slot"": 6}}",inferred,low,Sources/EmperorCore/InterfaceSpriteCatalog.swift OriginalConstructionButtonSpriteCatalog (inferredFromSheet); Sources/EmperorNative/ConstructionToolbar.swift NativeConstructionTool; Sources/EmperorNative/ContentView.swift ClassicControlPanel constructionCatalog,catalog_base_vs_index_family_start
native-inferred,美化,1,116,装饰雕塑,decorativeSculpture,1623,0,,"{""x"": 912, ""y"": 321, ""w"": 54, ""h"": 53, ""coordSpace"": ""classicCanvas_1024x768_unscrolled"", ""grid"": {""col"": 1, ""row"": 0, ""slot"": 1}}",inferred,medium,Sources/EmperorCore/InterfaceSpriteCatalog.swift OriginalConstructionButtonSpriteCatalog (inferredFromSheet); Sources/EmperorNative/ConstructionToolbar.swift NativeConstructionTool; Sources/EmperorNative/ContentView.swift ClassicControlPanel constructionCatalog,
native-inferred,美化,0,115,花园,garden,1626,0,,"{""x"": 858, ""y"": 321, ""w"": 54, ""h"": 53, ""coordSpace"": ""classicCanvas_1024x768_unscrolled"", ""grid"": {""col"": 0, ""row"": 0, ""slot"": 0}}",inferred,medium,Sources/EmperorCore/InterfaceSpriteCatalog.swift OriginalConstructionButtonSpriteCatalog (inferredFromSheet); Sources/EmperorNative/ConstructionToolbar.swift NativeConstructionTool; Sources/EmperorNative/ContentView.swift ClassicControlPanel constructionCatalog,
native-inferred,美化,2,117,华丽雕塑,ornateSculpture,1629,0,,"{""x"": 966, ""y"": 321, ""w"": 54, ""h"": 53, ""coordSpace"": ""classicCanvas_1024x768_unscrolled"", ""grid"": {""col"": 2, ""row"": 0, ""slot"": 2}}",inferred,medium,Sources/EmperorCore/InterfaceSpriteCatalog.swift OriginalConstructionButtonSpriteCatalog (inferredFromSheet); Sources/EmperorNative/ConstructionToolbar.swift NativeConstructionTool; Sources/EmperorNative/ContentView.swift ClassicControlPanel constructionCatalog,
native-inferred,美化,5,120,池塘,pond,1632,0,,"{""x"": 966, ""y"": 374, ""w"": 54, ""h"": 53, ""coordSpace"": ""classicCanvas_1024x768_unscrolled"", ""grid"": {""col"": 2, ""row"": 1, ""slot"": 5}}",inferred,low,Sources/EmperorCore/InterfaceSpriteCatalog.swift OriginalConstructionButtonSpriteCatalog (inferredFromSheet); Sources/EmperorNative/ConstructionToolbar.swift NativeConstructionTool; Sources/EmperorNative/ContentView.swift ClassicControlPanel constructionCatalog,catalog_base_vs_index_family_start
native-inferred,美化,6,121,太极园,taiChiPark,1635,0,,"{""x"": 858, ""y"": 427, ""w"": 54, ""h"": 53, ""coordSpace"": ""classicCanvas_1024x768_unscrolled"", ""grid"": {""col"": 0, ""row"": 2, ""slot"": 6}}",inferred,low,Sources/EmperorCore/InterfaceSpriteCatalog.swift OriginalConstructionButtonSpriteCatalog (inferredFromSheet); Sources/EmperorNative/ConstructionToolbar.swift NativeConstructionTool; Sources/EmperorNative/ContentView.swift ClassicControlPanel constructionCatalog,catalog_base_vs_index_family_start
native-inferred,美化,4,119,路亭,waysidePavilion,1638,0,,"{""x"": 912, ""y"": 374, ""w"": 54, ""h"": 53, ""coordSpace"": ""classicCanvas_1024x768_unscrolled"", ""grid"": {""col"": 1, ""row"": 1, ""slot"": 4}}",inferred,medium,Sources/EmperorCore/InterfaceSpriteCatalog.swift OriginalConstructionButtonSpriteCatalog (inferredFromSheet); Sources/EmperorNative/ConstructionToolbar.swift NativeConstructionTool; Sources/EmperorNative/ContentView.swift ClassicControlPanel constructionCatalog,
native-inferred,美化,3,118,花树,floweringTree,1641,0,,"{""x"": 858, ""y"": 374, ""w"": 54, ""h"": 53, ""coordSpace"": ""classicCanvas_1024x768_unscrolled"", ""grid"": {""col"": 0, ""row"": 1, ""slot"": 3}}",inferred,medium,Sources/EmperorCore/InterfaceSpriteCatalog.swift OriginalConstructionButtonSpriteCatalog (inferredFromSheet); Sources/EmperorNative/ConstructionToolbar.swift NativeConstructionTool; Sources/EmperorNative/ContentView.swift ClassicControlPanel constructionCatalog,
native-inferred,美化,7,122,私家园林,privateGarden,1644,0,,"{""x"": 912, ""y"": 427, ""w"": 54, ""h"": 53, ""coordSpace"": ""classicCanvas_1024x768_unscrolled"", ""grid"": {""col"": 1, ""row"": 2, ""slot"": 7}}",inferred,medium,Sources/EmperorCore/InterfaceSpriteCatalog.swift OriginalConstructionButtonSpriteCatalog (inferredFromSheet); Sources/EmperorNative/ConstructionToolbar.swift NativeConstructionTool; Sources/EmperorNative/ContentView.swift ClassicControlPanel constructionCatalog,
native-inferred,纪念,5,233,劳工营,laborersCamp,1647,0,,"{""x"": 966, ""y"": 374, ""w"": 54, ""h"": 53, ""coordSpace"": ""classicCanvas_1024x768_unscrolled"", ""grid"": {""col"": 2, ""row"": 1, ""slot"": 5}}",inferred,low,Sources/EmperorCore/InterfaceSpriteCatalog.swift OriginalConstructionButtonSpriteCatalog (inferredFromSheet); Sources/EmperorNative/ConstructionToolbar.swift NativeConstructionTool; Sources/EmperorNative/ContentView.swift ClassicControlPanel constructionCatalog,catalog_base_vs_index_family_start
native-inferred,纪念,6,52,木匠行会,carpentersGuild,1650,0,guild_camp,"{""x"": 858, ""y"": 427, ""w"": 54, ""h"": 53, ""coordSpace"": ""classicCanvas_1024x768_unscrolled"", ""grid"": {""col"": 0, ""row"": 2, ""slot"": 6}}",inferred,low,Sources/EmperorCore/InterfaceSpriteCatalog.swift OriginalConstructionButtonSpriteCatalog (inferredFromSheet); Sources/EmperorNative/ConstructionToolbar.swift NativeConstructionTool; Sources/EmperorNative/ContentView.swift ClassicControlPanel constructionCatalog,catalog_base_vs_index_family_start
native-inferred,纪念,7,235,石匠行会,masonsGuild,1650,0,guild_camp,"{""x"": 912, ""y"": 427, ""w"": 54, ""h"": 53, ""coordSpace"": ""classicCanvas_1024x768_unscrolled"", ""grid"": {""col"": 1, ""row"": 2, ""slot"": 7}}",inferred,low,Sources/EmperorCore/InterfaceSpriteCatalog.swift OriginalConstructionButtonSpriteCatalog (inferredFromSheet); Sources/EmperorNative/ConstructionToolbar.swift NativeConstructionTool; Sources/EmperorNative/ContentView.swift ClassicControlPanel constructionCatalog,catalog_base_vs_index_family_start
native-inferred,纪念,8,236,陶工行会,ceramistsGuild,1650,0,guild_camp,"{""x"": 966, ""y"": 427, ""w"": 54, ""h"": 53, ""coordSpace"": ""classicCanvas_1024x768_unscrolled"", ""grid"": {""col"": 2, ""row"": 2, ""slot"": 8}}",inferred,low,Sources/EmperorCore/InterfaceSpriteCatalog.swift OriginalConstructionButtonSpriteCatalog (inferredFromSheet); Sources/EmperorNative/ConstructionToolbar.swift NativeConstructionTool; Sources/EmperorNative/ContentView.swift ClassicControlPanel constructionCatalog,catalog_base_vs_index_family_start
native-inferred,纪念,14,93,大佛塔,grandPagoda,1653,0,,"{""x"": 966, ""y"": 533, ""w"": 54, ""h"": 53, ""coordSpace"": ""classicCanvas_1024x768_unscrolled"", ""grid"": {""col"": 2, ""row"": 4, ""slot"": 14}}",inferred,medium,Sources/EmperorCore/InterfaceSpriteCatalog.swift OriginalConstructionButtonSpriteCatalog (inferredFromSheet); Sources/EmperorNative/ConstructionToolbar.swift NativeConstructionTool; Sources/EmperorNative/ContentView.swift ClassicControlPanel constructionCatalog,
native-inferred,农业,0,,小麦农场,cropFarm,1497,0,crop_field,"{""x"": 858, ""y"": 321, ""w"": 54, ""h"": 53, ""coordSpace"": ""classicCanvas_1024x768_unscrolled"", ""grid"": {""col"": 0, ""row"": 0, ""slot"": 0}}",inferred,medium,OriginalConstructionButtonSpriteCatalog.cropImageID + ContentView cropOrder,crop_shares_sprite_across_crops
native-inferred,农业,1,,大豆农场,cropFarm,1497,0,crop_field,"{""x"": 912, ""y"": 321, ""w"": 54, ""h"": 53, ""coordSpace"": ""classicCanvas_1024x768_unscrolled"", ""grid"": {""col"": 1, ""row"": 0, ""slot"": 1}}",inferred,medium,OriginalConstructionButtonSpriteCatalog.cropImageID + ContentView cropOrder,crop_shares_sprite_across_crops
native-inferred,农业,2,,稻米农场,cropFarm,1500,0,crop_rice,"{""x"": 966, ""y"": 321, ""w"": 54, ""h"": 53, ""coordSpace"": ""classicCanvas_1024x768_unscrolled"", ""grid"": {""col"": 2, ""row"": 0, ""slot"": 2}}",inferred,medium,OriginalConstructionButtonSpriteCatalog.cropImageID + ContentView cropOrder,crop_shares_sprite_across_crops
native-inferred,农业,3,,小米农场,cropFarm,1497,0,crop_field,"{""x"": 858, ""y"": 374, ""w"": 54, ""h"": 53, ""coordSpace"": ""classicCanvas_1024x768_unscrolled"", ""grid"": {""col"": 0, ""row"": 1, ""slot"": 3}}",inferred,medium,OriginalConstructionButtonSpriteCatalog.cropImageID + ContentView cropOrder,crop_shares_sprite_across_crops
native-inferred,农业,4,,卷心菜农场,cropFarm,1497,0,crop_field,"{""x"": 912, ""y"": 374, ""w"": 54, ""h"": 53, ""coordSpace"": ""classicCanvas_1024x768_unscrolled"", ""grid"": {""col"": 1, ""row"": 1, ""slot"": 4}}",inferred,medium,OriginalConstructionButtonSpriteCatalog.cropImageID + ContentView cropOrder,crop_shares_sprite_across_crops
native-inferred,农业,5,,麻农场,cropFarm,1497,0,crop_field,"{""x"": 966, ""y"": 374, ""w"": 54, ""h"": 53, ""coordSpace"": ""classicCanvas_1024x768_unscrolled"", ""grid"": {""col"": 2, ""row"": 1, ""slot"": 5}}",inferred,medium,OriginalConstructionButtonSpriteCatalog.cropImageID + ContentView cropOrder,crop_shares_sprite_across_crops
native-inferred,农业,6,,茶农场,cropFarm,1509,0,crop_orchard,"{""x"": 858, ""y"": 427, ""w"": 54, ""h"": 53, ""coordSpace"": ""classicCanvas_1024x768_unscrolled"", ""grid"": {""col"": 0, ""row"": 2, ""slot"": 6}}",inferred,medium,OriginalConstructionButtonSpriteCatalog.cropImageID + ContentView cropOrder,crop_shares_sprite_across_crops
native-inferred,农业,7,,桑树农场,cropFarm,1509,0,crop_orchard,"{""x"": 912, ""y"": 427, ""w"": 54, ""h"": 53, ""coordSpace"": ""classicCanvas_1024x768_unscrolled"", ""grid"": {""col"": 1, ""row"": 2, ""slot"": 7}}",inferred,medium,OriginalConstructionButtonSpriteCatalog.cropImageID + ContentView cropOrder,crop_shares_sprite_across_crops
native-inferred,农业,8,,漆树农场,cropFarm,1509,0,crop_orchard,"{""x"": 966, ""y"": 427, ""w"": 54, ""h"": 53, ""coordSpace"": ""classicCanvas_1024x768_unscrolled"", ""grid"": {""col"": 2, ""row"": 2, ""slot"": 8}}",inferred,medium,OriginalConstructionButtonSpriteCatalog.cropImageID + ContentView cropOrder,crop_shares_sprite_across_crops
native-inferred-category-rail,住宅,0,,住宅,,1323,0,,"{""x"": 803, ""y"": 38, ""w"": 48, ""h"": 37, ""coordSpace"": ""classicCanvas_1024x768"", ""railIndex"": 0}",inferred,medium,OriginalInterfaceIconSpriteCatalog bases + ConstructionToolCategory.originalInterfaceIcon + ContentView categoryRail,
native-inferred-category-rail,农业,1,,农业,,1327,0,,"{""x"": 803, ""y"": 76, ""w"": 48, ""h"": 37, ""coordSpace"": ""classicCanvas_1024x768"", ""railIndex"": 1}",inferred,medium,OriginalInterfaceIconSpriteCatalog bases + ConstructionToolCategory.originalInterfaceIcon + ContentView categoryRail,
native-inferred-category-rail,工业,2,,工业,,1331,0,,"{""x"": 803, ""y"": 114, ""w"": 48, ""h"": 37, ""coordSpace"": ""classicCanvas_1024x768"", ""railIndex"": 2}",inferred,medium,OriginalInterfaceIconSpriteCatalog bases + ConstructionToolCategory.originalInterfaceIcon + ContentView categoryRail,
native-inferred-category-rail,商业,3,,商业,,1335,0,,"{""x"": 803, ""y"": 152, ""w"": 48, ""h"": 37, ""coordSpace"": ""classicCanvas_1024x768"", ""railIndex"": 3}",inferred,medium,OriginalInterfaceIconSpriteCatalog bases + ConstructionToolCategory.originalInterfaceIcon + ContentView categoryRail,
native-inferred-category-rail,安全,4,,安全,,1339,0,,"{""x"": 803, ""y"": 190, ""w"": 48, ""h"": 37, ""coordSpace"": ""classicCanvas_1024x768"", ""railIndex"": 4}",inferred,medium,OriginalInterfaceIconSpriteCatalog bases + ConstructionToolCategory.originalInterfaceIcon + ContentView categoryRail,category_icon_semantic_remap
native-inferred-category-rail,行政,5,,行政,,1343,0,,"{""x"": 803, ""y"": 228, ""w"": 48, ""h"": 37, ""coordSpace"": ""classicCanvas_1024x768"", ""railIndex"": 5}",inferred,medium,OriginalInterfaceIconSpriteCatalog bases + ConstructionToolCategory.originalInterfaceIcon + ContentView categoryRail,
native-inferred-category-rail,娱乐,6,,娱乐,,1347,0,,"{""x"": 803, ""y"": 266, ""w"": 48, ""h"": 37, ""coordSpace"": ""classicCanvas_1024x768"", ""railIndex"": 6}",inferred,medium,OriginalInterfaceIconSpriteCatalog bases + ConstructionToolCategory.originalInterfaceIcon + ContentView categoryRail,category_icon_semantic_remap
native-inferred-category-rail,宗教,7,,宗教,,1351,0,,"{""x"": 803, ""y"": 304, ""w"": 48, ""h"": 37, ""coordSpace"": ""classicCanvas_1024x768"", ""railIndex"": 7}",inferred,medium,OriginalInterfaceIconSpriteCatalog bases + ConstructionToolCategory.originalInterfaceIcon + ContentView categoryRail,
native-inferred-category-rail,军事,8,,军事,,1355,0,,"{""x"": 803, ""y"": 342, ""w"": 48, ""h"": 37, ""coordSpace"": ""classicCanvas_1024x768"", ""railIndex"": 8}",inferred,medium,OriginalInterfaceIconSpriteCatalog bases + ConstructionToolCategory.originalInterfaceIcon + ContentView categoryRail,
native-inferred-category-rail,美化,9,,美化,,1359,0,,"{""x"": 803, ""y"": 380, ""w"": 48, ""h"": 37, ""coordSpace"": ""classicCanvas_1024x768"", ""railIndex"": 9}",inferred,medium,OriginalInterfaceIconSpriteCatalog bases + ConstructionToolCategory.originalInterfaceIcon + ContentView categoryRail,
native-inferred-category-rail,纪念,10,,纪念,,1319,0,,"{""x"": 803, ""y"": 418, ""w"": 48, ""h"": 37, ""coordSpace"": ""classicCanvas_1024x768"", ""railIndex"": 10}",inferred,medium,OriginalInterfaceIconSpriteCatalog bases + ConstructionToolCategory.originalInterfaceIcon + ContentView categoryRail,
runtime-unknown-image,农业,11,193,农田,farmland,,,,"{""x"": 966, ""y"": 480, ""w"": 54, ""h"": 53, ""coordSpace"": ""classicCanvas_1024x768_unscrolled"", ""grid"": {""col"": 2, ""row"": 3, ""slot"": 11}}",unknown,low,NativeConstructionTool present in ClassicControlPanel grid; no OriginalConstructionButtonSpriteCatalog row,missing_bbutton_mapping
runtime-unknown-image,工业,6,44,漆器作坊,lacquerwareWorkshop,,,,"{""x"": 858, ""y"": 427, ""w"": 54, ""h"": 53, ""coordSpace"": ""classicCanvas_1024x768_unscrolled"", ""grid"": {""col"": 0, ""row"": 2, ""slot"": 6}}",unknown,low,NativeConstructionTool present in ClassicControlPanel grid; no OriginalConstructionButtonSpriteCatalog row,missing_bbutton_mapping
runtime-unknown-image,工业,7,46,玉雕坊,jadeWorkshop,,,,"{""x"": 912, ""y"": 427, ""w"": 54, ""h"": 53, ""coordSpace"": ""classicCanvas_1024x768_unscrolled"", ""grid"": {""col"": 1, ""row"": 2, ""slot"": 7}}",unknown,low,NativeConstructionTool present in ClassicControlPanel grid; no OriginalConstructionButtonSpriteCatalog row,missing_bbutton_mapping
runtime-unknown-image,商业,6,70,茶铺,teaShop,,,,"{""x"": 858, ""y"": 427, ""w"": 54, ""h"": 53, ""coordSpace"": ""classicCanvas_1024x768_unscrolled"", ""grid"": {""col"": 0, ""row"": 2, ""slot"": 6}}",unknown,low,NativeConstructionTool present in ClassicControlPanel grid; no OriginalConstructionButtonSpriteCatalog row,missing_bbutton_mapping
runtime-unknown-image,商业,7,69,丝绸铺,silkShop,,,,"{""x"": 912, ""y"": 427, ""w"": 54, ""h"": 53, ""coordSpace"": ""classicCanvas_1024x768_unscrolled"", ""grid"": {""col"": 1, ""row"": 2, ""slot"": 7}}",unknown,low,NativeConstructionTool present in ClassicControlPanel grid; no OriginalConstructionButtonSpriteCatalog row,missing_bbutton_mapping
runtime-unknown-image,商业,8,68,漆器铺,lacquerwareShop,,,,"{""x"": 966, ""y"": 427, ""w"": 54, ""h"": 53, ""coordSpace"": ""classicCanvas_1024x768_unscrolled"", ""grid"": {""col"": 2, ""row"": 2, ""slot"": 8}}",unknown,low,NativeConstructionTool present in ClassicControlPanel grid; no OriginalConstructionButtonSpriteCatalog row,missing_bbutton_mapping
runtime-unknown-image,商业,9,64,青铜器铺,bronzewareShop,,,,"{""x"": 858, ""y"": 480, ""w"": 54, ""h"": 53, ""coordSpace"": ""classicCanvas_1024x768_unscrolled"", ""grid"": {""col"": 0, ""row"": 3, ""slot"": 9}}",unknown,low,NativeConstructionTool present in ClassicControlPanel grid; no OriginalConstructionButtonSpriteCatalog row,missing_bbutton_mapping
runtime-unknown-image,安全,3,126,路障,roadblock,,,,"{""x"": 858, ""y"": 374, ""w"": 54, ""h"": 53, ""coordSpace"": ""classicCanvas_1024x768_unscrolled"", ""grid"": {""col"": 0, ""row"": 1, ""slot"": 3}}",unknown,low,NativeConstructionTool present in ClassicControlPanel grid; no OriginalConstructionButtonSpriteCatalog row,missing_bbutton_mapping
runtime-unknown-image,行政,0,,巡察塔,inspectorTower,,,,"{""x"": 858, ""y"": 321, ""w"": 54, ""h"": 53, ""coordSpace"": ""classicCanvas_1024x768_unscrolled"", ""grid"": {""col"": 0, ""row"": 0, ""slot"": 0}}",unknown,low,NativeConstructionTool present in ClassicControlPanel grid; no OriginalConstructionButtonSpriteCatalog row,missing_bbutton_mapping
runtime-unknown-image,军事,0,,部队集结,rally,,,,"{""x"": 858, ""y"": 321, ""w"": 54, ""h"": 53, ""coordSpace"": ""classicCanvas_1024x768_unscrolled"", ""grid"": {""col"": 0, ""row"": 0, ""slot"": 0}}",unknown,low,NativeConstructionTool present in ClassicControlPanel grid; no OriginalConstructionButtonSpriteCatalog row,missing_bbutton_mapping
runtime-unknown-image,军事,2,129,城墙,cityWall,,,,"{""x"": 966, ""y"": 321, ""w"": 54, ""h"": 53, ""coordSpace"": ""classicCanvas_1024x768_unscrolled"", ""grid"": {""col"": 2, ""row"": 0, ""slot"": 2}}",unknown,low,NativeConstructionTool present in ClassicControlPanel grid; no OriginalConstructionButtonSpriteCatalog row,missing_bbutton_mapping
runtime-unknown-image,军事,3,130,城门,gatehouse,,,,"{""x"": 858, ""y"": 374, ""w"": 54, ""h"": 53, ""coordSpace"": ""classicCanvas_1024x768_unscrolled"", ""grid"": {""col"": 0, ""row"": 1, ""slot"": 3}}",unknown,low,NativeConstructionTool present in ClassicControlPanel grid; no OriginalConstructionButtonSpriteCatalog row,missing_bbutton_mapping
runtime-unknown-image,军事,4,131,城防塔,tower,,,,"{""x"": 912, ""y"": 374, ""w"": 54, ""h"": 53, ""coordSpace"": ""classicCanvas_1024x768_unscrolled"", ""grid"": {""col"": 1, ""row"": 1, ""slot"": 4}}",unknown,low,NativeConstructionTool present in ClassicControlPanel grid; no OriginalConstructionButtonSpriteCatalog row,missing_bbutton_mapping
runtime-unknown-image,纪念,0,,郑国渠分段,grandCanalSegment,,,,"{""x"": 858, ""y"": 321, ""w"": 54, ""h"": 53, ""coordSpace"": ""classicCanvas_1024x768_unscrolled"", ""grid"": {""col"": 0, ""row"": 0, ""slot"": 0}}",unknown,low,NativeConstructionTool present in ClassicControlPanel grid; no OriginalConstructionButtonSpriteCatalog row,missing_bbutton_mapping
runtime-unknown-image,纪念,1,,土长城分段,earthenGreatWallSegment,,,,"{""x"": 912, ""y"": 321, ""w"": 54, ""h"": 53, ""coordSpace"": ""classicCanvas_1024x768_unscrolled"", ""grid"": {""col"": 1, ""row"": 0, ""slot"": 1}}",unknown,low,NativeConstructionTool present in ClassicControlPanel grid; no OriginalConstructionButtonSpriteCatalog row,missing_bbutton_mapping
runtime-unknown-image,纪念,2,82,大宫殿,largePalace,,,,"{""x"": 966, ""y"": 321, ""w"": 54, ""h"": 53, ""coordSpace"": ""classicCanvas_1024x768_unscrolled"", ""grid"": {""col"": 2, ""row"": 0, ""slot"": 2}}",unknown,low,NativeConstructionTool present in ClassicControlPanel grid; no OriginalConstructionButtonSpriteCatalog row,missing_bbutton_mapping
runtime-unknown-image,纪念,3,,大宫殿施工,largePalacePhase,,,,"{""x"": 858, ""y"": 374, ""w"": 54, ""h"": 53, ""coordSpace"": ""classicCanvas_1024x768_unscrolled"", ""grid"": {""col"": 0, ""row"": 1, ""slot"": 3}}",unknown,low,NativeConstructionTool present in ClassicControlPanel grid; no OriginalConstructionButtonSpriteCatalog row,missing_bbutton_mapping
runtime-unknown-image,纪念,4,,陵墓分段施工,phasedMonumentPhase,,,,"{""x"": 912, ""y"": 374, ""w"": 54, ""h"": 53, ""coordSpace"": ""classicCanvas_1024x768_unscrolled"", ""grid"": {""col"": 1, ""row"": 1, ""slot"": 4}}",unknown,low,NativeConstructionTool present in ClassicControlPanel grid; no OriginalConstructionButtonSpriteCatalog row,missing_bbutton_mapping
runtime-unknown-image,纪念,9,76,陵冢,tumulus,,,,"{""x"": 858, ""y"": 480, ""w"": 54, ""h"": 53, ""coordSpace"": ""classicCanvas_1024x768_unscrolled"", ""grid"": {""col"": 0, ""row"": 3, ""slot"": 9}}",unknown,low,NativeConstructionTool present in ClassicControlPanel grid; no OriginalConstructionButtonSpriteCatalog row,missing_bbutton_mapping
runtime-unknown-image,纪念,10,77,大陵冢,grandTumulus,,,,"{""x"": 912, ""y"": 480, ""w"": 54, ""h"": 53, ""coordSpace"": ""classicCanvas_1024x768_unscrolled"", ""grid"": {""col"": 1, ""row"": 3, ""slot"": 10}}",unknown,low,NativeConstructionTool present in ClassicControlPanel grid; no OriginalConstructionButtonSpriteCatalog row,missing_bbutton_mapping
runtime-unknown-image,纪念,11,84,地下兵马俑坑,undergroundVault,,,,"{""x"": 966, ""y"": 480, ""w"": 54, ""h"": 53, ""coordSpace"": ""classicCanvas_1024x768_unscrolled"", ""grid"": {""col"": 2, ""row"": 3, ""slot"": 11}}",unknown,low,NativeConstructionTool present in ClassicControlPanel grid; no OriginalConstructionButtonSpriteCatalog row,missing_bbutton_mapping
runtime-unknown-image,纪念,12,78,大庙,greatTemple,,,,"{""x"": 858, ""y"": 533, ""w"": 54, ""h"": 53, ""coordSpace"": ""classicCanvas_1024x768_unscrolled"", ""grid"": {""col"": 0, ""row"": 4, ""slot"": 12}}",unknown,low,NativeConstructionTool present in ClassicControlPanel grid; no OriginalConstructionButtonSpriteCatalog row,missing_bbutton_mapping
runtime-unknown-image,纪念,13,79,宏伟庙宇,splendidTemple,,,,"{""x"": 912, ""y"": 533, ""w"": 54, ""h"": 53, ""coordSpace"": ""classicCanvas_1024x768_unscrolled"", ""grid"": {""col"": 1, ""row"": 4, ""slot"": 13}}",unknown,low,NativeConstructionTool present in ClassicControlPanel grid; no OriginalConstructionButtonSpriteCatalog row,missing_bbutton_mapping
